# 301 Redirects - Old amdmachines.com URLs to new structure
# Format: old-path new-path status-code
# Cloudflare Pages limits: 2,000 static + 100 dynamic redirects

# Force www to bare domain (canonical domain is amdmachines.com)
https://www.amdmachines.com/* https://amdmachines.com/:splat 301

# About page
/about-us/ /about/ 301

# Solutions (automated-solutions -> solutions)
/automated-solutions/ /solutions/ 301
/automated-solutions/welding/ /solutions/welding/ 301
/automated-solutions/robotic-cells/ /solutions/robotic-cells/ 301
/automated-solutions/test-systems/ /solutions/test-systems/ 301
/automated-solutions/custom-automation-equipment/ /solutions/custom-automation/ 301
/automated-solutions/flexible-assembly-machines/ /solutions/assembly/ 301
/automated-solutions/leak-detection/ /solutions/test-systems/ 301
/automated-solutions/marking-traceability/ /solutions/marking-traceability/ 301
/automated-solutions/assembly/ /solutions/assembly/ 301
/automated-solutions/robotic-cells/cnc-robot-tending-automation/ /solutions/machine-tending/ 301
/automated-solutions/application-of-technology-to-manual-processes/ /solutions/ 301

# Old site structure (automated-solutions-1 variant)
/automated-solutions-1/ /solutions/ 301
/automated-solutions-1/robotic-cells/ /solutions/robotic-cells/ 301
/automated-solutions-1/leak-detection/ /solutions/test-systems/ 301
/automated-solutions-1/welding/ /solutions/welding/ 301
/automated-solutions-1/custom-automation-equipment/ /solutions/custom-automation/ 301
/automated-solutions-1/marking-traceability/ /solutions/marking-traceability/ 301
/automated-solutions-1/application-of-technology-to-manual-processes/ /solutions/ 301

# Root-level solution pages to /solutions/
/material-handling/ /solutions/material-handling/ 301
/robotic-screwdriving/ /solutions/screwdriving/ 301
/bin-picking/ /solutions/bin-picking/ 301
/interactive-assembly-line/ /solutions/assembly/ 301

# Industries
/industries/automotive-auto-parts/ /industries/automotive/ 301
/industries/manufacturing/ /industries/general-manufacturing/ 301
/industries/healthcare/ /industries/medical/ 301
/industries/aerospace-defense/ /industries/aerospace/ 301
/industries/building-materials/ /industries/general-manufacturing/ 301
/industries/electric-motor-assembly/ /industries/electronics/ 301
/industries/automation-in-the-manufacturing-industry/ /industries/general-manufacturing/ 301

# Blog redirects (old slugs to new equivalents)
/blog/automated-assembly-machines-a-selection-guide/ /blog/automated-assembly-machines/ 301
/blog/understanding-vision-inspection-systems/ /blog/introduction-to-machine-vision-for-manufacturing/ 301
/blog/ins-outs-helium-leak-testing-equipment/ /blog/leak-testing-methods-pressure-decay-mass-flow-and-helium/ 301
/blog/facts-about-hot-plate-welding/ /blog/heat-staking-and-hot-plate-welding-applications/ 301
/blog/what-does-a-fully-automated-assembly-line-look-like/ /blog/automated-assembly-machines/ 301
/blog/what-can-vision-measuring-systems-accomplish/ /blog/dimensional-inspection-with-cmms-and-vision/ 301
/blog/understanding-rotor-and-stator-tests-for-electric-motors/ /blog/electrical-testing-in-automated-production/ 301
/blog/understanding-rotor-and-stator-tests-for-electric-motor-assembly/ /blog/electrical-testing-in-automated-production/ 301
/blog/how-to-choose-the-right-leak-testing-equipment-for-your-application/ /blog/leak-testing-methods-pressure-decay-mass-flow-and-helium/ 301
/blog/importance-of-end-of-line-equipment-in-the-automotive-industry/ /blog/end-of-line-testing-strategies-for-quality-assurance/ 301
/blog/role-of-leak-testing-in-automotive-component-assembly/ /blog/leak-testing-methods-pressure-decay-mass-flow-and-helium/ 301
/blog/choosing-the-right-automation-equipment/ /blog/choosing-right-robot-for-your-application/ 301
/blog/industrial-automation-equipment-is-helping-manufacturing/ /blog/what-is-industrial-automation/ 301
/blog/boosting-efficiency-robot-cells/ /blog/assembly-line-balancing-for-optimal-efficiency/ 301
/blog/what-to-know-laser-marking-systems/ /blog/ 301
/blog/robotic-cells-for-manufacturing-electronics-auto-parts/ /blog/electronics-assembly-automation-trends/ 301
/blog/what-is-supply-chain-resilience/ /blog/supply-chain-resilience-through-automation/ 301
/blog/what-is-cnc-machining/ /solutions/machine-tending/ 301
/blog/customizing-your-automated-assembly-line-equipment-and-brand-alternatives/ /solutions/assembly/ 301
/blog/how-to-make-your-manufacturing-more-resilient/ /blog/supply-chain-resilience-through-automation/ 301
/blog/videos-gallery/ /blog/ 301
/blog/category/robotic-cells/ /blog/category/robotics/ 301
/blog/category/leak-detection/ /blog/ 301
/blog/category/ /blog/ 301
/blog/page/ /blog/ 301
/blog/importance-of-end-of-line-equipment-in-the-automotive-sector/ /blog/end-of-line-testing-strategies-for-quality-assurance/ 301
/blog/automation-and-the-future-of-appliance-manufacturing/ /blog/appliance-assembly-line-automation/ 301

# Missing pages - redirect to closest equivalent
/ebooks/ /blog/ 301

/glossary/ /blog/ 301
/case-studies/cnc-machining/ /solutions/machine-tending/ 301
/case-studies/modular-assembly-inspection-cells/ /case-studies/ 301
/case-studies/cnc-robot-tending/ /solutions/machine-tending/ 301

# Old root-level pages
/sitemap/ /sitemap.xml 301
/contact-us/ /contact/ 301
/project-gallery/ /case-studies/ 301
/assembly-models-documentation/ /solutions/assembly/ 301
/appliances/ /industries/appliances/ 301
/aerospace-defense/ /industries/aerospace/ 301
/automotive-auto-parts/ /industries/automotive/ 301
/healthcare/ /industries/medical/ 301
/what-is-cnc-machining/ /solutions/machine-tending/ 301
/semi-automatic-solutions/cnc-machining/ /solutions/machine-tending/ 301
/manufacturing-services/cnc-machining/ /solutions/machine-tending/ 301

# Old root-level blog posts (without /blog/ prefix)
/what-can-vision-measuring-systems-accomplish/ /blog/dimensional-inspection-with-cmms-and-vision/ 301
/facts-about-hot-plate-welding/ /blog/heat-staking-and-hot-plate-welding-applications/ 301
/what-to-know-laser-marking-systems/ /solutions/marking-traceability/ 301
/ins-outs-helium-leak-testing-equipment/ /blog/leak-testing-methods-pressure-decay-mass-flow-and-helium/ 301

# 301 Redirects - Industries, Services, Tooling (common URL variations)
/industries/medical-device-automation/ /industries/medical/ 301
/industries/medical-device-manufacturing/ /industries/medical/ 301
/industries/medical-devices/ /industries/medical/ 301
/industries/automotive-automation/ /industries/automotive/ 301
/industries/automotive-manufacturing/ /industries/automotive/ 301
/industries/consumer-products/ /industries/consumer/ 301
/services/equipment-maintenance/ /services/maintenance-support/ 301
/services/preventive-maintenance/ /services/maintenance-support/ 301
/services/system-integration/ /solutions/ 301
/services/training-and-knowledge-transfer/ /services/training/ 301
/services/ongoing-support/ /services/maintenance-support/ 301
/tooling/welding-fixtures/ /tooling/ 301
/blog/machine-vision-quality-inspection-systems/ /solutions/machine-vision/ 301
/blog/hmi-programming-best-practices/ /blog/ 301
/solutions/performance-optimization/ /services/process-optimization/ 301
/cdn-cgi/l/email-protection /contact/ 301

# 301 Redirects - Solutions (URL variations → canonical solution pages)
# Assembly
/solutions/automated-assembly-systems/ /solutions/assembly/ 301
/solutions/assembly-systems/ /solutions/assembly/ 301
/solutions/assembly-automation/ /solutions/assembly/ 301
/solutions/automated-assembly-lines/ /solutions/assembly/ 301
/solutions/automated-assembly/ /solutions/assembly/ 301
/solutions/custom-assembly-systems/ /solutions/assembly/ 301
/solutions/custom-automated-assembly-systems/ /solutions/assembly/ 301
/solutions/robotic-assembly-systems/ /solutions/assembly/ 301
/solutions/robotic-assembly/ /solutions/assembly/ 301
/solutions/precision-assembly-automation/ /solutions/assembly/ 301
/solutions/press-fit-assembly-machines/ /solutions/servo-pressing/ 301
/solutions/press-fit-systems/ /solutions/servo-pressing/ 301
/solutions/precision-press-systems/ /solutions/servo-pressing/ 301
# Vision / Quality
/solutions/vision-inspection/ /solutions/machine-vision/ 301
/solutions/vision-inspection-systems/ /solutions/machine-vision/ 301
/solutions/vision-quality-inspection/ /solutions/machine-vision/ 301
/solutions/vision-inspection-quality/ /solutions/machine-vision/ 301
/solutions/vision-quality-control/ /solutions/machine-vision/ 301
/solutions/vision-quality-control-systems/ /solutions/machine-vision/ 301
/solutions/vision-quality/ /solutions/machine-vision/ 301
/solutions/ai-vision-quality-inspection/ /solutions/machine-vision/ 301
/solutions/quality-inspection-systems/ /solutions/machine-vision/ 301
/solutions/quality-control-systems/ /solutions/machine-vision/ 301
/solutions/quality-control-inspection-automation/ /solutions/machine-vision/ 301
# Robotics
/solutions/robotic-systems/ /solutions/robotic-cells/ 301
/solutions/robotic-automation/ /solutions/robotic-cells/ 301
/solutions/robotic-work-cells/ /solutions/robotic-cells/ 301
/solutions/robot-integration/ /solutions/robotic-cells/ 301
# Welding
/solutions/robotic-welding-systems/ /solutions/welding/ 301
/solutions/robotic-welding/ /solutions/welding/ 301
# Custom automation / Integration
/solutions/custom-automation-solutions/ /solutions/custom-automation/ 301
/solutions/custom-automation-systems/ /solutions/custom-automation/ 301
/solutions/custom-automation-engineering/ /solutions/custom-automation/ 301
/solutions/custom-automated-equipment/ /solutions/custom-automation/ 301
/solutions/turnkey-automation/ /solutions/custom-automation/ 301
/solutions/turnkey-integration/ /solutions/custom-automation/ 301
/solutions/controls-engineering/ /solutions/custom-automation/ 301
/solutions/controls-software-integration/ /solutions/custom-automation/ 301
/solutions/systems-integration/ /solutions/custom-automation/ 301
# Other
/solutions/machine-tending-automation/ /solutions/machine-tending/ 301
/solutions/automated-test-equipment/ /solutions/test-systems/ 301
/solutions/packaging-automation/ /solutions/packaging/ 301

# Removed pages - wrong content (heavy equipment catalog)
/products/ /solutions/ 301
/products/cat-320-excavator/ /solutions/ 301

# Missing pages - redirect to closest equivalent
/careers/ /about/ 301
/employment/ /about/ 301
/employees/ /about/ 301
/sample/ / 301
/sample-landing-page/ / 301
/saftronic/ / 301
/vn1610/ / 301
/amd/ / 301
/gallery/ /case-studies/ 301
/service-region/ /about/ 301

# --- Dynamic redirects (use :placeholder or :splat, separate 100-rule limit) ---

# Catch-all for any remaining /products/ URLs
/products/:splat /solutions/ 301

# Blog author pages and feeds
/blog/author/:splat /blog/ 301

# Blog date archives (e.g. /blog/2023/11/)
/blog/:year/:month/ /blog/ 301

# Blog category pagination (e.g. /blog/category/news/page/)
/blog/category/:cat/page/ /blog/category/:cat/ 301

# Blog post feeds (e.g. /blog/some-post/feed/)
/blog/:slug/feed/ /blog/:slug/ 301
